<?xml version="1.0" encoding="UTF-8"?>
<beans:beans xmlns:mvc="http://www.springframework.org/schema/mvc"
	xmlns:xsi="http://www.w3.org/2001/XMLSchema-instance" xmlns:beans="http://www.springframework.org/schema/beans"
	xmlns:context="http://www.springframework.org/schema/context"
	xsi:schemaLocation="http://www.springframework.org/schema/mvc http://www.springframework.org/schema/mvc/spring-mvc.xsd
		http://www.springframework.org/schema/beans http://www.springframework.org/schema/beans/spring-beans.xsd
		http://www.springframework.org/schema/context http://www.springframework.org/schema/context/spring-context.xsd">

	<!-- DispatcherServlet Context: defines this servlet's request-processing 
		infrastructure -->

	<!-- Enables the Spring MVC @Controller programming model -->
	<mvc:annotation-driven />

	<!-- Enables component scanning on the given and it's child packages -->
	<context:component-scan base-package="com.examples.spring.web.mvc" />

	<!-- Handles HTTP GET requests for /resources/** by efficiently serving 
		up static resources in the ${webappRoot}/resources directory -->
	<mvc:resources mapping="/resources/**" location="/resources/" />

	<!-- Resolves views selected for rendering by @Controllers to .jsp resources 
		in the /WEB-INF/views directory
	<beans:bean
		class="org.springframework.web.servlet.view.InternalResourceViewResolver">
		<beans:property name="prefix" value="/WEB-INF/views/" />
		<beans:property name="suffix" value=".jsp" />
	</beans:bean> -->
	<!-- ResourceBundle ViewResolver -->
	<beans:bean
		class="org.springframework.web.servlet.view.ResourceBundleViewResolver">
		<beans:property name="basename" value="views" />
	</beans:bean>

	<!-- Custom interceptor to configure session timeout interval -->
	<mvc:interceptors>
		<beans:bean class="com.examples.spring.web.mvc.interceptor.SessionHandler" />
	</mvc:interceptors>

	<!-- EmployeeService bean definition -->
	<beans:bean id="employeeService"
		class="com.examples.spring.web.mvc.service.EmployeeService" />

<beans:bean id="messageSource"
		class="org.springframework.context.support.ReloadableResourceBundleMessageSource">
		<beans:property name="basename" value="classpath:messages" />
		<beans:property name="defaultEncoding" value="UTF-8" />
	</beans:bean>
	
	
	<!-- Exception handler mapping -->
	<beans:bean
		class="org.springframework.web.servlet.handler.SimpleMappingExceptionResolver">
		<beans:property name="exceptionMappings">
			<beans:props>
				<beans:prop key="com.examples.spring.web.mvc.exception.LoginException">
					loginError
				</beans:prop>			
				<beans:prop key="com.examples.spring.web.mvc.exception.SpringException">
					error
				</beans:prop>
			</beans:props>
		</beans:property>
		<beans:property name="defaultErrorView" value="error" />
	</beans:bean>

</beans:beans>
